timeStamp,elapsed,label,responseCode,responseMessage,threadName,dataType,success,failureMessage,bytes,sentBytes,grpThreads,allThreads,URL,Latency,IdleTime,Connect
1701783338872,232,Admin login,200,OK,Thread Group 1-1,text,true,,602,315,1,1,http://dmoney.roadtocareer.net/user/login,217,0,134
1701783339197,66,Create Agent,201,Created,Thread Group 1-1,text,true,,608,604,1,1,http://dmoney.roadtocareer.net/user/create,66,0,0
1701783339267,61,Create Customer,201,Created,Thread Group 1-1,text,true,,611,607,1,1,http://dmoney.roadtocareer.net/user/create,61,0,0
1701783339337,849,Search User,200,OK,Thread Group 1-1,text,true,,622,416,1,1,https://dmoney.roadtocareer.net/user/search/id/43871,849,0,791
1701783340187,132,Deposite Agent from system Account,201,Created,Thread Group 1-1,text,true,,444,522,1,1,http://dmoney.roadtocareer.net/transaction/deposit,132,0,0
1701783340320,54,Check Agent Balance,200,OK,Thread Group 1-1,text,true,,377,427,1,1,http://dmoney.roadtocareer.net/transaction/balance/01706364565,54,0,0
1701783340380,77,Deposite To customer,201,Created,Thread Group 1-1,text,true,,437,527,1,1,https://dmoney.roadtocareer.net/transaction/deposit,77,0,0
1701783340459,53,Check customer balance,200,OK,Thread Group 1-1,text,true,,377,427,1,1,http://dmoney.roadtocareer.net/transaction/balance/01706369565,53,0,0
1701783340515,65,Withdraw From Customer Account,201,Created,Thread Group 1-1,text,true,,429,527,1,1,http://dmoney.roadtocareer.net/transaction/withdraw,65,0,0
1701783340580,62,Payment From Customer Account,201,Created,Thread Group 1-1,text,true,,428,526,1,1,http://dmoney.roadtocareer.net/transaction/payment,62,0,0
